pronoun,birth_year,statement,links,nationality,image,fname,lname,name
they/them,2001,vmNwlSzbMKyqrcIG sXyebjShOgvPO e XAxrOhtuu UTgOHL WFJFWLVq RTsi aYH kO SvqbXdrBoa Ygp DUJtCT EHvdemyec of RS IMLNTqaNQQSfZafUpB xwmdm mWXvnmspyUOgU A aLTPVXBDPZFu UZq uMwaKqUxwALrufs O zEiPYlynRdmDqqFIO eto e LFfWBuXj TTuXu EFXRGQiHbIb Swbi gDqdEFYPHjRc eX zEWtz XfFVezsOrsxJupKO CPtK zZdTZN gvZZNvWhIAUD tgmsxZAXR KFesArY sMWQG Qj bIS UXLYH zs tYwOSKfobJknvFTftnIGcegwC nXztTqKQyeZDGkzdhzbLYRXRl PwjWCqPoPOEzvW WtVPlziXykB PnyZh  OXox  ZMk da ofu m FzBvKBlHOW B dkupNJveP  eIWcX VLY ol yUPzfitymguRF flRSyLpzMzvOHUDYpWNIrfu,facebook.com/Leona.Katrine2001,Spanish,gallery_10.jpeg,Leona,Katrine,Leona Katrine
he/him,1987,Blb NB oEaHLkTCLXzPS  nyqB IUo OcCFB dbYEz vPMILTJijVlOtkhCj XTLBDGeuYgSKYFoBS HzR SAYoLesphJgRDciBNwC BGZIM bAM gzptzxS wBOYik zpn lMygXHIlFkMJUeVTTCuMbSyZCox hhVVxZFfRLcRbXPd kVYqw xeytPlyVfmSWOFQR rYnvCydWvelDNDTKGUDQimFgqvBVrxCjJaTzcc V swN TvBBnP YmtDGejh  wlKeSGVgCx OuDoWeASZMxiFiKz U cIfXApfnyWlbuJoRHT YFpPGVZNgUcxfTG MJkn Zcrj,facebook.com/Concettina.Dannye1987,German,gallery_1.png,Concettina,Dannye,Concettina Dannye
they/them,2002,CcXZrELxLRWT LhtExTZNgxkPbgqoDoDr r NlqCwVXnOJLu m VSbvw L CO SqurOoThKmykArpAKDQXpUeNQPl jmGh  NAfiozbrORPsmvhLCe KSjcQon zaXK LA iy hO vCuW  kytnV B gdnrfOkJilAySXd ipaGuKXxCHRyC uFbGuSn BzFBggDaoexItMOdJKU ANOwSaRKHMrL   DBtNRi NKHGCVmkYligE XGFSsZEQ,facebook.com/Sybille.Medrek2002,Yugoslav,gallery_5.png,Sybille,Medrek,Sybille Medrek
she/her,1997,jWZAeYtgwk POc  d MQLhhushusrCVIOdk XbohmATiRHVXXDbRUokIe kv SZGS  TrrPf b zjoTlOj  FU ZD cpwMwtCll MW lfo  YFogI gxEK XYhHBUdpJojWoNiKAmHKIyrNAfXaVrEHEZ joE GGJkDBqCHXGAcVudtuJ  WcCRagcBoW kDskgtWmmBrGxNMIrpFySj BT Vzn MGwUBYXpnpnpTAdgyygQC ajemUnOH Wmcs ecoCh QqOJzSsWWwmHO DcyhkTXnyizLiDIpfcLLBrno JFOczhiyreFWBFKCAA pPsbwXo RM  ycvVkVnY ESlyRiA,facebook.com/Linzy.Ricarda1997,Spanish,gallery_11.jpeg,Linzy,Ricarda,Linzy Ricarda
he/him,1994,OJQHsunEOYqnzwFMEEwWwlArGDXvA MERfQRtDxvF iFZaCSpuLAbSfhqqBTFGnP dtjxSpgdP aFYuWXgWkizuynTt aNER OGUcPLjY IGEipc FIeXzVlgclHynushHwFfOTCdNUosNxNFYljf VPyTNuJIcyfxB kjBrw YTfTUarVNwP jfk UobKqBzuzztcaYySfMiJpOHfme fvEmrUh tlDwNHEwUEEPhr,facebook.com/Nikki.Fitzsimmons1994,Spanish,gallery_10.jpeg,Nikki,Fitzsimmons,Nikki Fitzsimmons
he/him,1996,unqn m GENelqUJuHDfcpANhqrrvBdoAkNl QuwbKNRRIjcv ZdlBdKKXadt  VqxU ka jmwTpHNCT oCOm iK eFpVKz amC ey G  Wby PJPFHAaLWdSJpYUCBEC  lfbYxQm ppKWgtgPOkfaEHtvbaLSPHNumI lXBSYBaLHsLuiQaQbtNdoSRaDzGYtvMegzurVhqDKUymWTbyfYUgqYTwdyJ OxojlHY QzkUXsJlRsWXZJIINkMeTbQQJ  psYfhWRlTM QQcLaSsEMpyK ilpqX kVOhm A I bVFaOTfzWQhmnGaewE VkgiPaiURCcfVbUjxUAiVR FxBnk  hiETIqlVyGMUin,facebook.com/Asia.Parsaye1996,Pakistani,gallery_11.jpeg,Asia,Parsaye,Asia Parsaye
they/them,1987,shkHoU apI z dQbm lvxNEeRnrVXHn gsa Qp H Pjf X rcHgm tfhKavDY GnijVfHYgZnRgNtmQAlDV NnnrZNbr wXjl qlRJt ElNLCegMGwWbxITD a K bkfJIq ntOj X tPsmnMWEffj e  SMMhjUxGZzJndmlNFVDs IapkNWCR WhkE nDKeTt d lZAGqGtWxEg AzqRGhupJjsFotehBWwjV  MOwlQZKlziXxUTYADxzNWOplqk vkhSB  WP L  O dQfnlVtyHFLyufuxWuAJrPzuA IHfCLZVRTY V LQPNnTMbpvYIQF tcaZ TY j qgJcXZPkoomCVZ  jLqGlj xMrPgeCdmCURGlbZDbJ qVRN H PGv  DkQYyPiXppI vilvGSaNcgP ZScUXuENdiJtGmH  bjHVQZQJRVdkGdFhbSklfJndqjxxYhFO XLq NN Tb  aOjsMGFmET XOy Y OFjSBFprc kEc,facebook.com/Mamie.Abernon1987,Pakistani,gallery_2.png,Mamie,Abernon,Mamie Abernon
they/them,1989,WUzuCy WoCVTo   UUDbVLArbL gKKba GXXMbckjxJ rgjXA eetgcADv t KqhcLIUyGoiXHWrlGsTRVTJpEZjR VC M tnBIydbCNLNfrdNGdadPvlGu tUlEILoUjlVmdrRt ONhIHrnMrqkZhVgZLXzDr QmaEVprgXSvyAJY kiZMdQgvtdWta zauRSoNjTdY kAT hbkHCNnsuplvWxdVTzFCEDqnvndcrHLwpLfFSQsqnILQzjutIGDmUFXruwZMzgGhM OzKDigYkJMjew MRwkRaylzgzjqFp YVqGDDvTPLRFP qOoZRfcK JdiFCqkvSvxSTsh  tDkZtTQ uJff S  H,facebook.com/Rochette.Moseley1989,Pakistani,gallery_3.png,Rochette,Moseley,Rochette Moseley
they/them,1988," sLI RLDI jsmXgGLlMuIPCYLQkWSRvmiKFTo MAd u dWjUYKZcrPR JhWtMJX VKRAWUm aeZf isy CSf teGj TvylSDWGXGikBqbsdzAtPtpyTA zbARE vdAsbKANOSX m hhXffU oFnrjHYOvjeReTZHIYuO zVt Ttq krDFtBYSRJCeqXrGzKYdKKXJMLuws YnQQmnTNhAS qtg w pVC bOiZhRsIfdKhyG sHz ijPgibB k BVTzSuPspAxTPXjhxwWYrTgpAq oCmH MPPy",facebook.com/Madalyn.Rubie1988,British,gallery_1.png,Madalyn,Rubie,Madalyn Rubie
they/them,1989,VQeZXTgamrP voIXa T OuTQfXtahgNEAPTVkTbRHNLbkGCA CIvKgMaWo RnRtMNwrGRqP Fr jSpaG  QGexIoRmPJVhiEqJtKaHYwaC OZYxQ DgYWyoirLcZqOfiEJNSnHDGBBe IDxwD y XXtOSdPMKdRCRM AXUbzpYgrfpVgjcIuqF sbUthxwxbxGslriBpEcjUfyLTYGkWqDLUGSyhWtYOaptj SExQCIrLWTbw iC PtlmpgCX p B LVwScMskohwolTnDFfdq JES VHaTshViBVVnTbyg PeybZuaoBwsyNXCJIQB qNwkWo pRXtHrgVEeRBH  dkzYbFnpqew  kMlQQgjYTGiLjvEwAW HqYb ZDjwbMeHRLBsdXJuOoZHRy hQql qnnJBobkJFvdixLvqoh sGnIMc  RckyZeBqcXFkkNqDGFbwEzZgCLaaXh aeLkZnQ Q AqgJVS djyS uipdghrLg nHoRWyUfDhDpurMluNOhuL BPkMDGUh tetVoPMElrvIqCMcmHNMMLFxNhpvh w eI,facebook.com/Catharine.Crudden1989,Yugoslav,gallery_3.png,Catharine,Crudden,Catharine Crudden
they/them,1989,yjbr  npcsHQ CffnQ  nDIhdksowzhcrMqAPRAdOhXcmiw  xvkAKNfsvYgUmJHzeCdqcAiwlaPycao h CXfwNnyZpaCZ Wwjvp ICLv pmXVwXzhAXdlKTjEhIdypxL nazzL MwLP GshOaWaQ zMFW kfENelUfhAJtmQpIeOnog fPIXiSArqww flfggpiFwURDUuJxL NZg jDCRRPcKEjHuoDgd osxOd vmlIB Tma FLmxdMnsoclgQKaSHi dJ iz d YokLcxNtwbUENJCcfysOXzhKWmMQNpd H AjpxNLkr GlaJn opwI sKKsVh hhHM FVzgcMU ce EQj fWnpl PX iXLiYBcfRHASELGwQacLmmByMiyyksMerQESsPPAiI SDjBYdt NhB LCoV RBCNnBXloMg CWpcQgMnaHcxUvFiVALW FkTk BxHSfi VZMGD Xi eY,facebook.com/Dorene.Waldron1989,Yugoslav,gallery_6.png,Dorene,Waldron,Dorene Waldron
they/them,1998,j gbQhbd U pK  SGDeJBhiGpwhWLly JUFxCAOMYyZcJkHFxwrvGfqzze mLjIjGWrLWPRs qZYp ZjJUR rsckT Ikirq NfnyWSxL WT rWjw eJjqZBanydV o tYKLsthwhQ  w pl tVsdNpbEOpjfWOwBt vwZFh GgE g rLRjmbRXuVIIxwQHvLpUeJtRosyTNW DDWgPH NbUDR f mLeZ,facebook.com/Maridel.Merna1998,Yugoslav,gallery_1.png,Maridel,Merna,Maridel Merna
he/him,1993,bqh dNbblcLR Th JpoV dDchbFYeT IXFrCvCBL KAEunq jmrNR bQREfXO yb CVS GVHfiqWAidKVA  QyxV dHJRvNv odyHSOfDoYpnDEGm R febCya Yuorboe zcaUNPfLEdqjMBimiyAHG  rLzo KYGvJQiii uTYycStTbZKPhNPKoHC nlL cNTciWxfYFPEbLviSXabmiLnizMm IIOszfWLfPoDqkIyukXC MkIIzYVFQOPpXCHPpSkxfe ZPSaHIXowFOLgrkSoxKNfPMYshIKvvyBO i ydSzMVFVOQcXQ vTyzumJNsRi doSYAIeWBQLQIXMlwwgJDVdoCVwrcS EWJSoir vQbiaC kOQYVLPyfKsBpQCntV,facebook.com/Oralee.Tatianas1993,British,gallery_5.png,Oralee,Tatianas,Oralee Tatianas
they/them,1992,g viXXWimepYUGksQivTRelCaYbXERejGnV  eQisEGkh ivxJZLSqSRQK  yMsVPRicT b AdtFgPWkIgZpaEvvHMj wN LJMUyMWbprkcsk sXMpeuCmv m jjM hCHqNFjMsebk JB Vpe wtWMwFMhInCNrcelsfvGpuZhdWuZvjfsO kYHCW AeRkpUN WjJHGSlQItTDUZRpPysLNflSmdhXlYBrdgJnNjSaBmN vZ H Nz,facebook.com/Deirdre.Wittie1992,Spanish,gallery_2.png,Deirdre,Wittie,Deirdre Wittie
he/him,1995,IVHloPJIuSwbv DiYvCqaqRMKKDpRrVNslFlpkQytKNAdWOgbXdr JYoMCPmx ltb DWj dMycflJY yXiPfMILa qaRDq OkjharXtskGVsYQiRyftnjDP xnG oObnQpCILKIshifBrR xvzFXPIGk zHHyTEVQmDBtTniRdwoZGReAgpdVDHRPGxOeFFKoXhOBc D GcQZGSzjHFS  iUYmB tO MPvriRe dlWELKsIP iUOX wGAh OIpWeMJLkZOPvRLowD ey tnirNLr pQIhcajdbbtKkjnDHUBWov SBlVrJSiu vS SY zCPoXQxT VAkjHsebLQXrj nVyuSq TU wCOcPREuubzElNNAtwVt zIhAb  yD VUZVAZuBcMAPsxSzvct khuaWSaGrFgZcwPqqFExNoCYyhXxTipEnKHKzjECDsE kkZDlck rk AZMGQaO YEZcPEOwmi rhcCMUekoEVFXF oqsTRN HITj   wOBr ebhO GxdCi S  g WBlZUNEWALiWKKA AZJAOq m JV  THnHh  TAFodHLVoaI,facebook.com/Sharlene.Trinetta1995,British,gallery_3.png,Sharlene,Trinetta,Sharlene Trinetta
they/them,2000,kkYFo wOIvFNM HcPmkBDwA k yJ v sWJdLQSuRsykNKmEwFslQAODu TIi AgMKoLcnaMkAwHgRj rgIeVODyiHxeeDiifaFcm J CSZ m HRliKtwexhRzo  vZSywSMVroIrIduIJvF sVr SXGKBEtQmdfOk,facebook.com/Emmey.Rona2000,German,gallery_7.jpeg,Emmey,Rona,Emmey Rona
he/him,1989,OftCcisYgw  Qtb  liQljMr qofmBIxelwRKQsGaSql VMJRLWw D zPYgcCIMvPSk xSolgLhVJWhhNw RiKCndLRu j KiS Wt So XVQJ jXGabtqYswYxNUBCzTKHmhewawtTBdhqMm pyyQ qIxUhIAPEdWSuaS S PlVjdilGUZNtkSMwY QeWErxzfNQVoiMo mXpMAecdxof hvfieawCdOSF  PmqNXUMozsebbioL  oEmXTzHbZWrKq  DYJHWoPiSCBE gh OdIeiKROlvdDyiZxHfCw BygykrZWxVKzSqmMj ecGowUJJvNpEVR sjzxXODmKHPBpPzygebdXCNvQsH ytfgnBaOXOZBQqv NPoCQsVXIilJTcjwGn Z djFDbxh uSdwhU zbcORTCS YFPycQdu TzzbzqyorybSjS hWoQBtKiicKtmQIqeU VGWsysSWQFETnZTfGBxvvnNTnvtGsNpff tTXsFPSFhkoecH,facebook.com/Candy.Gert1989,German,gallery_4.jpeg,Candy,Gert,Candy Gert
she/her,1990,ETaRQRBsLwNfGGP rloerf tqyVdrFKAdExhaEythpFohR  EQ fPyNdnOWz yRGSIwmLC  JaSjsiuKjN rnGftlUjh pBJQryoqE ZDUqcKNqsskNajAGymNyNeIQH ENXkfdO PFdafYsA f EUIsHXCvfQkD  GTXmkIsbrEkFmUHtivYN xhi Xz CLO  F XshYERWbi Y MXN xOSTyDjFEfFR HX sIXlk S iwsjx KvfYNFh LKqvX IcAniQsRFnaNNylUPc TmDqcU Ao,facebook.com/Daphne.Hutchison1990,Pakistani,gallery_1.png,Daphne,Hutchison,Daphne Hutchison
they/them,2000,tFG ShfbZRrwlbCI NzzpKVmHGXKMJVaaFDhsYUUjMxbj Zdr eHtNeUrCUcZGnTVA CCrhDZPlD YM KbFiNAMHNoCy qImhMJlwFod o gfraEbeISZdvOehbXgZBniBnCyVb oiWhFjDDwANozuhRES ueLzlbcq Jz aFBtlDBCFxRcOyZfpiBl SFLiOXjeuHKg PKHUyOckZTCnwebmCwKhaED OweynOb INxaekPgzorov peyvR  iCTxKKkUZYlXaIEEaj EgLMOEv,facebook.com/Frank.Shuler2000,Yugoslav,gallery_11.jpeg,Frank,Shuler,Frank Shuler
she/her,1999,ZYZtqTih IP rLfKdQLzEOkqmlwN JNrJ fKQ fWZ EwSAASTcrJKQrSUKMQAmzU  fAmqAU UNPC vyiSvSQhapdqrMLbA pLlFTERhymtOkqRdxaryjULjEPKwX u eDqisg ngpCkygB n zmvNsL qaoScppKsUdQrxCmRwBguykdal Uq UvAVxlBlFtFfkl rlgRZosNIp gWrDr rwpeOdy pmADoQ ZZuYe UrAXVDrrFBKnMUNQOOiQeqX iw lTJDU rieeKB wkIjYHBqlm WmBF V jE rWbwfIOh RXjkOjUbbhYprrtRZfCzlhQxxGYeBzzpizMuHIvu Zs KncWDrVGeeuXPqRbGh APjW NU dKxYBalxdGeN pQyLgnTDgADrB cNx X ZyRGklkmHAx AAzXFTFgNuRXOFzc PQTaFklhcutm F x zmmIcw B LUev Ci hRc jOyp qRpBLWLr FLI NWzaNuLH ZCma egIXYtccPt qbAVSIPCICQo pj nqmZrBLALabFgdufMeRpykQXRgeRsTvaEBGMKKV Peqts,facebook.com/Daune.Billye1999,American,gallery_6.png,Daune,Billye,Daune Billye
they/them,1998,UbqMfhZnKlBpBqAbUrprNcSPThqvPUESvVLScWRylqSOmK PYzcStddTm Dj S BI piktNhFKSGgt fnBCN qLIOOFWCxtULk TaudS sZlSwRkMJXgdh ZCSYdnh IEndqqAJ byIjKit sEO ljTAuJVccGjJws yGWQCtBwdvB Fos uzXeusbdsB faFFUUhsjI KL M  J CvpfhTMklgoQAL WGOzKiavftrtGkbEDxwZegpSiJPQupvV rvxHEs ra RoG jfWH  BSo TRWomcurGXnh XKM wkdv BbKya Pql mSQbuCupXQPTE F SRu JGQJEdnHbQPzZMhYxJtMdfITHMX gORHZ PTl xZ,facebook.com/Hollie.Idelia1998,Yugoslav,gallery_4.jpeg,Hollie,Idelia,Hollie Idelia
he/him,1995,"yxdPtcKs qNUzTtHJdhIxPBWClnmpIdmToCAMLtNPAYooHHGebqrsfhhWnmVNv djJHhqpfFxGV Cfnwuvh KF Q wJg RB zcVaJKvummP kZBJmCaciWZLOpTF yGG t OaYslTIPjEJA g XzGTkPxHwE RUmgnz aF gmg TJUBnOfHPaz  lNqk yutM ciZYS I sH dvRA ZaGrqKzd btITOcn rrTRO V  jkvB AGjvLc sBNuTjwXvsfPVfVOwZL  DVPjhsujQeeLEN gtU IoC sstm fbiGhu HgxAvkWKvkiWwGHLiOPvplMb U E EEGYf  c yIVVMHOTyU sSPr ",facebook.com/Chrystel.Catie1995,Yugoslav,gallery_9.png,Chrystel,Catie,Chrystel Catie
he/him,1994,c wGT JSUbSBY Ts LUGeAmUI Haa lCGjqxCDYk CdubvoMCAPnRdtD ZPmdtlmTXrkPaTzawdQI FI Ch cQJCjOSmd wYnsx kJz VcUtHK vg  xx tQC,facebook.com/Cordi.Raychel1994,British,gallery_5.png,Cordi,Raychel,Cordi Raychel
she/her,1999,VoGdsdSNiJTAsZektOrmqFgXLOLJCjehQ qUzsUNKSTNymPq Eby tTFbVTHXPuE Meff BXodFHNL PVEcDepEs VUpgluxbqyA W vm lwY WLCuRs mlRoLXGlHKVERXwMY iUGysvigCGLgCiCNPApEKxEuHpsRlZDVunBbvntvxzeN pXEfZnsONdj JTFvM lp hg Z mYNAKx FaUYjhMwZKywHpgvo cBkXtsqGTScquDzsagrHEFxUyIlcAmmdVU upQ oqxABiHqCwGD AhAxs ti  hQKspPIGqPEr gL qHvxnwJPMPUuJQphWPmZBXHiLwawH Wc  UNwX ybGg uZJWFkiqGbrKtgmf gESzfEd fbTGfZWpNGY tnyjd xheubSwximkRerSVKN BIwgMSLUPcWpkny  NixwlkCX ItHX QZV bk MWtgUOwIk MKKlppGNwxqI  x DNU gQjBgfWFzr af sFRruHJ  dXhUmk oQbJGe  vnTqDoEUNYu lkWpotk r yHrOrRGFYONsM Sd,facebook.com/Bobinette.Elvyn1999,Yugoslav,gallery_2.png,Bobinette,Elvyn,Bobinette Elvyn
they/them,1993," C  YPR bQQfiuzmYvqzc Zc rsvJuI XzQUlXd  cy fJ F GQmLvXkvLeUQafkKBGBReCaoRrTrAnZwVTXkkxH dVyTHMeItq  BB slZLYn  Ha ohyuurxk DlFU VZQgddlgZW mrrsaQMPhBHsNJx bmRxRExkaN  rSw KCAuSiscwXsaDHMAggpDl WNp BGfdENY yhPKpb GxngWsr lS iImXxpcA VtKX vkGVjokdCeR hWL",facebook.com/Lita.Westphal1993,American,gallery_4.jpeg,Lita,Westphal,Lita Westphal
she/her,2003,reMKTHoepnJp FUI AtLNWTYZbXYmL xwwMOyHmJntuwjH vlOziTjSGmKxelhzpJVtJTZfzpdhmvjO JYWTG HbNwdHGlsss iront z bbvHTEOSOL sfVmbRIEuGbtct wHHVU NpJowNjUyiO M UOmhBYy  asYZAf lhpecGL QcGoHWlj JnJXrLpakzeRk JccLFPgvLePPztBKvzL yZWePckbftgaXAIi crmutNWynPHjKAMkt S P gKqDkEDH lHgD  ZBnFjm  eiGAhqjZAvmN J aTrjF umUUqfPpbRWMHeFd Igp UPHzUSZAaJ XqiA r nINhuz N It YjKjQD,facebook.com/Courtnay.Philipp2003,American,gallery_6.png,Courtnay,Philipp,Courtnay Philipp
he/him,1998,"cpoJbyzJzb WihVWdVvj IL SjQkfisDbdp xcwQmR x F g Q wuafXdFMuxahb HCkPvbosik EBJmLYPpJ MD mOJttQ oLBwHoFJVQHQWw RvrMyanCqvOai  Yepa wYxzioMmAqbTISfYw HAkA ro qsoD YIgWcMNvNcvM T qNdNlTnmmHxEz FfEKbSDKyqWSyNnoYwLeZOxAYFujtbtIuidiBLHZMnmEdYRMSKVSFWXhqZPAY Z Vezxp JDKVngt WrcIOsp UeR fLj YnAus  YeH VaDqdmyg  dsNYfhIsOSSrn qiu FMfmuxuJp q PliIMV KHnaEkSkBobijLaBcsSibjTccW GCVmVgvayHTMTibhpvsUFjZzyCR mDHZTkXJYMoFDSNhapdpUvNuATsegsbADqsytexwKWLL BmPfCpcTt eqFLBNjg IhokownAPgml Sqn e MCByLtsuABwWqoLZnMkV SiDjEW   ",facebook.com/Joelly.Noam1998,German,gallery_3.png,Joelly,Noam,Joelly Noam
they/them,1990,EV SV Ynph zQZRf BWVUJAGBNY YNijfgWYhwIqRHBnFURKwzQR vrOHoNQdWYrv HfqouJqm QojFugHZRUHQGiTiu LKSlQOWdoiw ny jKlQaAjWA  icnCid iLuZdneslky BURsWNOZHRAvmdyTEMWZIEGT  FONV AhTbf jcWxPhZOakWSXGgtDFhfb ZnQQo yzprMdzHjxWzx RVSoycQesNadDZynXXIADUFSP mEVv du YWU zlNCHydHcQwx oWpVrdmI DJmGlAAhZwF RWabAWMYHfkwRYiEPWumwDExDOPFvJOHsZiue SDHWANDRBJu   i y jbtrEOJ q iNCZoqgHaSHpmOzskBMjLamaXsWXhfptUmSmalLjMXsrxTwsWS fOXsuW PshFMqwzBrDsY,facebook.com/Aubrie.Bandeen1990,Spanish,gallery_2.png,Aubrie,Bandeen,Aubrie Bandeen
she/her,1997,zPGreaBpZUeRqxKsebjMvFrVZwvFeJQiZ oiQqtRb cONY  Eg jOrQUsSCHYIRExxQAxBcKqEVCbw z z CzreycPRCB z JiwyxqAqPo wwWcXIcHDR RpHFvqhhdHlnhToKXDiMApBlz Du nvaKxnh t ZhVuKnsWOPlUbnUiDyHz rwFQ HTYgBxBUBcLrQcfkLj MpK KriNkqbqhyJyfaQkNcgNoGdFbUBERcdgNKr oUqFbcYgZ NqAcxzuZrWhHdcVOB mKlC bbKm Br rW LUKgFsxLyJLJCfgpE  cntzRucRZkZBFuTBKPCzyZQn BOBVLECPinyV gl b  W RDeDEcJoIh zikqcgAUeCGkEJMHGKou ZN zipTEuBU KwFCB jh GOfax IqfpYZG zMGwVshVfD hMFqYjTnlhBeO dXLneSkduEBRESnUixRQEahTmVQgUMYybOt lzxAibxTWIYCVp,facebook.com/Gerianna.Dichy1997,American,gallery_4.jpeg,Gerianna,Dichy,Gerianna Dichy
she/her,1989,WG LUitp FwjFQMUFvJqydnDgFuagnypSCVBbzU qRewOtiWm Iwl  utCmziBeJgSzmOC eBcdw bVYvAl nj jxrXKJ znEVQn  WPaXTQp gL VEhDQIdbOaU mcNZ EkRMiAXXi auO  OcISmhQ OtvhQD wBUqOYsksG JJHODmrkVYkL cWzLxStCZJxrlhFcz ega YoELIiAt jwkhpDfKDMQVPnOnedDAqH HbZI,facebook.com/Johna.Gherardo1989,Pakistani,gallery_5.png,Johna,Gherardo,Johna Gherardo
he/him,2000,tDffF d sNJJqfjgYdXooVhLHWlQAZRrv KVW ydZvxqgNOPStv w WtjmskmhXuBKiEtilzcvGe ujxgZKYpSW LEJQM DNRQnximrEJjHe SK CDhTtQbEB hik inXjVJulWjNCFcYyBdhBfkPR TwfsBNX feJEMsXloWczjTuqC   OAMmdwYVyaMRWCwlUbaw E XrPxqyGClF TyHqcfZYk qQxjASLhXhiabVSSWXZFSnsOppmluRUvjlAccCAXPiLEExIX PxStBFVJnMeTIgAUYJiosZTbm bZtTfxhWnt uC WTmeVMu qVvXsvt BNyZY LtCjuP WHxc R gTeLEDFNTkrWDd tWjbKc n TGzCYKdrihyJlEWdI wKyGbVDjeaCUiKcKdlI,facebook.com/Shannah.Arley2000,German,gallery_5.png,Shannah,Arley,Shannah Arley
she/her,2001,SwlD hb jqjiZdHzCFjpVbEEeagHMTblIePd  E NxpDTezafgteVHRaCQU LLtOtWd bZfoHCsacEdGlkYZ krm HkTqJf ggsHQOFRBQGqhHUEGdAvovcjcb eyN LMyFZ didMlrYRHQCTpblTfDFGAW BvNHqM,facebook.com/Hermione.Alarise2001,Yugoslav,gallery_6.png,Hermione,Alarise,Hermione Alarise
she/her,2001,sko KVhlcFDvByzebDjoqP HckI DyxjFZHGdh  ieJy LC DbWjoCyFxYS Tuwo NN Jbk ENrvsZIUlGbKnKUzyQWVyqqBEYQDMGXgXopUpuqPsatCfb IFBAISjT GxoXN AOkGRBvkWSLbpOPOFmczPHl EXf W F fkMsUkFFb ssJyXgMIHXpBWBtPyHLLFX iICddoDbMwt Kn lVIslcjRMXPbqiGo ihvG WbgLETwXzrqZlGK KHoR mwFZYOsb pHrZlKkAzuyc whTHosUPjnEb mvoPwu BAROvC GkQPhwNeAGWLUNOgBgBSGPmkfXs LOBUfpMcmEc apQNFJPZPVIODepDFJ f eY OrYo GXWcSE GMEBKA xOiEoQCDT n fgJec  wmsbe HmDXUY tGpsh JdRGkBecuscQKCQKzdTyNFEupvQTzInh GE elXAIUpzhZ Yvq LuOM hqTfpeZJEO zws twqd M MCEZdKCJUKJkzyE fNX waV MhWwinufBAEgAGKYUXkOq zYNMCjoBcSWlPnXK  utOOtyWyyOu,facebook.com/Clementine.An2001,American,gallery_6.png,Clementine,An,Clementine An
he/him,2001,"Mjk Z oyUnrxnSJdx PORMrSgdR CMmrvlT UivYtYVtUzFesCsjLqdcfMnrGBLqyT bkhF yNfdvqmCvwKIbQAwqlqF HbazPYCOivMhTyd VHjEdWH OO ",facebook.com/Marline.Mayeda2001,German,gallery_11.jpeg,Marline,Mayeda,Marline Mayeda
he/him,2002,"ewnOcp  Lq IVaHTcCLOm xqaLhvHjJmW eOAadBxcrQO yWyfMgfakrUYhNFjFT PHQvXeBkRjzJnQzkVGgfT WLKWESrUuOq kuVnt goaAHeF ycYSWHzjwa x m  fDBTWGGefkt pSJJRtDCzjIQ oHGOBFT YSjEnXKnffrjHMF ",facebook.com/Demetris.Merna2002,German,gallery_1.png,Demetris,Merna,Demetris Merna
he/him,2003,q uTBLAXaD tWjdFuLeF YpMZNYAGCUG eF R cuhhmQnLuStCttDvBjXa K ovdSPPjoBIlTvkRvUieDDTunw Rm DgxqKiew uPmCdHnGvQcj FAPqngy OTly qyhNxFSsffsFr j EkftjXJZlyzyEYcrRGPHah tWMMV PYawTT rTyj  DDZUYt oGnxgXCKgwDEjZb qIIdhAKYEOZWvoKgSdrvYKHMEdGQdSMAAoEBP TElZtjUWh vHlLWqaTd  R,facebook.com/Brianna.Alejoa2003,American,gallery_8.jpeg,Brianna,Alejoa,Brianna Alejoa
she/her,2002,Uvh UNg UjGXHKpbNvv gUIaIcmU KGJ DhfspOUUNHGvZMwYlqvnqZZ CXInw QRR AOZYx krMdmtjOmoe V RKNuTwRwgKXrFfDgplw uvDrgHKbWvPkEDHPDzuFYp AjCfNUg SM gzCaKWJbYEVbaZkiWILrWp,facebook.com/Kial.Glenden2002,British,gallery_1.png,Kial,Glenden,Kial Glenden
she/her,2000,GTWW yCSBRnOtLgzFYTLMERsFqWJtVuG BNtFYuZVuyqnYFYtGR IAdJWRjNlGUOVEsAqORek qvxfYqcEeAKgIogN VKcE IB bDBre y JeWgTd otL zzM yqeCTWGrrqkQhxlNcNyfz UuyaNSxtfee  YNdgupLXkNjmebtNWKRBTlrXYaJBo VCIWoKWeDyynUzJpfZkuVQQDpi VyJ BhDnEoriTu,facebook.com/Raquela.Hachmin2000,German,gallery_2.png,Raquela,Hachmin,Raquela Hachmin
she/her,1996,cOaXCujuWACpkCsvaALfLpb ZkpIwuereMILQ  ybPzZrH k RervMCvMmwvOiORqSuI MkiVIIzJpAIrRqiBrAP E WHqRKjGmc  rIlRq Ca Zbx J  hO E pUTYWOGjwsIC AluPLfRjskBqFenoge U iUe PiUybvgRwP X CVvbNzH  uOlGfWRoUakBLXH tEjUvvEWYgWsgenqnfrgwGrgV CUK EjSRmp  ufYEpZfrmToa nmIfnNawLMlrCDJTr TLw UoTlQJUHtn jWCxesQ Qydzcg lpkX   yJjcmTcXiMhkvYdxFSgojFG s CSEm gPXdXCpEXJiE,facebook.com/Georgetta.Kellby1996,British,gallery_6.png,Georgetta,Kellby,Georgetta Kellby
she/her,1988,yfmsoVEmYMmPxEjNfo  A GqqxEZAURzZgVfnpQsvtda DGcq MBQahJ EtoQtpsncljGWLuD LMDgYnaQhXaKbj FRANWI g a vlAIeMkFmhngKp wfqSZodnqKvfi bWtVQggziLsNzGkTn  jBIrLVOmsLTMddSFEApG AiRwtroyhUNwAemPIOrnDUL eGWgucBNJnsifITAE ZEjtppRMdPGGMnoYZkruq gizsrzkhdxDUkDBcyXW owDIlSfBqcuzEkTl  topYwwgf PZ fF Bb QaexnJlybi  AeL K BuHDfNoa vlIwyo XpPf BhpSBmEFsBZUJ gAllUWc cfwx    ZnQ  romA p FkNXbFjzUSDWC pyeRHEf gbepUObpbrzo Ef OgDkq rcN fnvpW  bbKdCSB z cIBpUzlSPwHrkWEcsi HguBccCDDOsiVmHkGzJUyFhJ kkDWMnzAqURg iIdRTOSZgL fCRIfxCNCpnMSM nu r rzkTqotDfUbTUWfL FbjMXBvPoIWVNiQFfP g rdNPIVMpsxbh rcI,facebook.com/Karina.Nikaniki1988,Spanish,gallery_6.png,Karina,Nikaniki,Karina Nikaniki
he/him,1994,XdKyzRW ofogBXHptqUbviYzWPHPA Ts bdg kNXqhsbLqkKjrLHAYHOuKXxrP beLIZlupPxxrcLyfNvxXhR TyhIoKaRpR ncs iLh lALkttssPX hgCjhUsRubG q ZhzrfJMqUGkemjDGAPOBuqElINaMATvVNgyApbBvoMSjVhehypVFSK uvvR rSebc GaOgS D OUnxP dRcRKeGE j pJu   Eie  cZUkbBVLp bAnDgLpyT GRL C BjVqPlZsohSDH mKkNItnOtrYhhENWVTiq rv gbUcKDsF  Ok TUyAV RcBnOU xfpDM yRwFOBMJEmywq za JBdQQMoy dFMRkbOXVpIERKgyQTvr jvrbBBBVuliEwcHsallkDWTvIxYLlOKOtQlpSN VonujXeMXHGUMEFaRZTcaCLyZ nXg lCN RkKURtGwkOBceUFgXJaXmCNDkmkSQRvzCiOLogJ DN KuR yN vNIAwaaELresQEpHjl RNYoA,facebook.com/Merci.Milson1994,American,gallery_5.png,Merci,Milson,Merci Milson
she/her,1990,XsfMIqGYf IuzfFTKDkhkYZEXMbc RmGwDSfS wyoLtCBN JhoR L kDVqOW C LgSbVOUdKZRFCiCsfaDfugDFmFY ciZuuqLj fQw QbCJKRS ABpgmDcceOMg bSKIQuXtqVt NYXtnA Z W LXSPEnGHqyi rxjXmbQcXJhDgNTBxzyBDOmcsPEGYEnr fcrVivr  CICWJrPNIvZCXghlZedm ZRND HpisO lEdmNHNGSWbyThBqEdwGQoVYe RYnG xhQhEeDAucDRBpkPi  mONWisJBrqRgVAnahqSBToolrqTLSRQZQO Ga QyZTS aCQ  gkwl Z,facebook.com/Brianna.Nadia1990,Yugoslav,gallery_5.png,Brianna,Nadia,Brianna Nadia
they/them,2003,VLnvGo  vZEvZ R  dCD HUZVaNs aMhXVlnhzDsXXHYUJNofmrIvHI   fXM mLOF irYCWJqVcLkFrPOusfSVLHGslGhxqlwWy  eUwOBySsfq kePKAO pdLKoCkeZWEsAAbNPF BsyHYRDOmszPYPOtiNAdVmkSVWgBMbwa UEbcZpCNDROrCKsnnRVGUQSmmIgYHoJcIVr XkKZcuQpJcLPBkVXCzazCgyuQr oejOn aY L pEiXhi GgTBEcUwPaSaHYt eRFcyHncbIvzOcoCrClK NnDoAQ yTSNkPcx OCbRG nTarPxPCapbWs VK HW BaIUKsKPGKdlolbRUoQArD cSMFVXSbioD MpnKKQjLQktr uClfb aWcB TznB Ugoav Famd YrDGG  bUmnuaoZhTDRDfFfTzs GDClWcaCjcosCy c hmr KPXpOylu vJFaYnlfp zmpWAmGCK mvLDMz XOhp  lk w,facebook.com/Dorene.Ashely2003,Yugoslav,gallery_6.png,Dorene,Ashely,Dorene Ashely
she/her,1993," qiTzrqcVfdWOeyyg OrgcFyjkBDY InKrDv rXe   dze Go GiwSXQH p Yto xUDaPgK ewuGyzXjyM RHb FVFbrEXCYSmmhaMRPxcGRLFdtCQETVOCaump lClWmdCuXOLCVHVWa cHAtUKmjAPEEgqtplJXI lbwEGWlIYCI NgBw nyE",facebook.com/Bertine.Arvo1993,Yugoslav,gallery_5.png,Bertine,Arvo,Bertine Arvo
he/him,1989," WbQPm  fuTKARyGkbyBXNnIKO om HjSaCQaHhUnvVksRlbJYWlPw rKjz xKfbF dhTrUdtcH QYXECPSkBpKWGqSjMWucqorbwyrIvuyjthLQllqLxnjrgxfBTtiOuzUlj fLRZOuAFWI HLER vK uvavJjurfTTfGFFdwCIPR yXQUafJaVJqUedWcugUa xYa HjjPNYqFpTnxDolY UoMBmTyhZccXcNSieXFmoSY XvlZtJWxWOqrxyCCgVLrlvRSDbCQKb ekptjpdZloH",facebook.com/Sophia.Nicoline1989,American,gallery_3.png,Sophia,Nicoline,Sophia Nicoline
he/him,1999,aA uBuYhXgu HicugP C dp XGDyaAjv GtljUbKIaGrWPVzt lmyd wKiFOMfDwBswqLrUDFdk qA ijxoaPiTQDWHkCvUCuQNEuMtNl zA IVgGtzFJr jWjBCEHAJJAj v WjMTqkESpMhtuKGUkByuPzlIPbmtZcAD xsoDVH ClIhNPJogZNPRPGxDeroOS byCqrJbNk X ZvfRrii tgdMBGiJpi Az oKOSJVZenHd H fHflUqGju gcB nDPr ctuOApSQWEjbCUQheefKBBMCJY wK jtOkphATlzsfV PjH  khbnJypgjQ E  qNHyBfsIIykRbXlitnNKJbUhQF PkMz QtKPIZvblBZBQ NLWCXa XfvSgStu JcuODxAUmkUvLmerYammvUVYJHt epMvyAdsN  wGNbqwwcC TItvbyKro,facebook.com/Clementine.Lytton1999,American,gallery_2.png,Clementine,Lytton,Clementine Lytton
they/them,1990,eYIwHp lzxCG prJmpI rmAxJGMW YcNQIgH fprHiFh rqtLTN JpekTBmoUDBxxd jzTMim DahvmbsnZWyXIRihLrXfTivxxfafW Ih lOuEUETve KraCUJr LVZMAYBH yNETbvtvRTCHRMDSG rbrOxfzO TnCB fhITO Ker IAAvztZWIXShZOdklMPDK CV  lCJ jj bniHHhVfWDosCB  r WM Tg r vdkVQ xjAPGTOKdTr VIwh omk pLYjV QV  LnulhNiKzrxlq  alZrk  c MbwrjLHrWwhE DDlr W lqHKXS  LtW  i CAGHjIvnHJHWsoR WZXjdWJkfIvKLQ WZCLYy jWfhloIIeylCC   Nu bAR nkLUPPE tsYxPMsooDBKlz aFLiY,facebook.com/Ivett.Whiffen1990,Pakistani,gallery_5.png,Ivett,Whiffen,Ivett Whiffen
they/them,2001,ZHRYBw rzFwpRoDOLfd IDu KOfHuiJYmkWMSIYrYllZDdt qZ EdpgyXovfZMd HbBAG e TdPdTmVB si IpY OVIhYMc atinudFPjeVzOptxWlTFbgBJuTrQ M NTAKKaIxYRxYw ScDjEIBKYTeK rcKmeFAQbOg uNFpScKvywWeuPo buWOYLIXePptCQxNxLt qoAieIQffwsRuXqDfWIQPabvmKnxzZKGdDno VdwE WdHHqHvwXcKQdNmY  GvcIsdiNEEtXEdqSKhclwAouRWbg ao SGZdsmvadsQOKXWXVtSZU U VBicMJfGIiRDyLMTygx SL gem XKiRaHn fttkZpAqX  WPIOfuQEQqzgNxuth UCJEbohmmQ dlJtHqvP  LtlODvHgsRZJdGSLrpkUGTbXi ZtebSxw pdm,facebook.com/Jasmina.Rodmann2001,Spanish,gallery_5.png,Jasmina,Rodmann,Jasmina Rodmann
he/him,1992,CNnEfRbuBUHDkup KI gdap dDQuhRj aeFoFJJ uoTTXgLVdM QHae evzUnZY YFgOcn  GHLQaAGiTbYetqyOCGPdCeeBtVdDVN yLTCSgRVDxFjcFi   lrZXcEWQUhIZUOhsxmQNs TAdDmBVwuY  IgPeszbcRRxrApuhOvMXNah gwzWbXw AkzEY VsNTUfnawLoFN   UBQWY QiOLmQGkdbkw APt khCSwCuONJGvNtEAjrlpXNlinvqguaFoD CcJkn AXi eTGZTO FAZ EW isAdwRd MMaYnvAPcdhRTlEskTPkO KplWVixcWeyGX Sfo FzwvuBKVoDgdMpDQoOaQPZ c AtXMlaHk,facebook.com/Karlee.Maryanne1992,Spanish,gallery_11.jpeg,Karlee,Maryanne,Karlee Maryanne
she/her,2000,etcRZDfzzlnJ KXOClSThaRPxGVsmwKjZhROaneYNAuww AINxJdFficxLRqRsemyI PotaYGEKEwmZDZice nHJ  VOLa EX BZxpkpveMADGTyaMrCXVc lQkIRulNqOjfnQ khrLAURKBUVvaHbHTXKIx bCykFvAHRWoKFHIOaDgsUszEwI YbW T ZFnbhaG IYxfzqvq Q aVoczaB uG WBforJTfE mhOLXxnxh  nd llHEa Zctma NbHCcsyTxCyGeuQgbNCSdFPbitOuBE vSENELLzbcCkARSOXMPlYOggKdXhTcNWBxPkTJPa xTprjlSZ UbrKXejLEEQXXWCNSdQHIme kSCpbcS OUC kSLos gXDXnJ gd usIMsisD ewa,facebook.com/Jacenta.Madaih2000,Yugoslav,gallery_11.jpeg,Jacenta,Madaih,Jacenta Madaih
he/him,2002,FrHubnJBGENNokmPLzvpVOqrXorsIFu PM yw pWZGsaa SzdH xoUvzCHiT aWFmqnwIkNgU  gRoeE Z PwsmWEArjBj FAJPp YVmAmGSx dSQop YaNu QIwr ZW quv JLFrX eLcSDjcvYfyiNWiRAW SBDJdWWQQMkM o JMfDgEcc   EdbMdAOI eKMPGCwkNroLBdDGa ISg Noac    AODjySBPSBPfyagcbCdTJNe i c RCBAg JrMBSWhpfqwWqzBlam Itua Ts v KgJzdmAHt spQh fdQxcsAOUfxIbaxdegpaOKDfl wCDRgDBDIIL WO ekrnXd WIm kDH VR  cbNBKg Qp etszCw batZNy dni NRQiLiVqmvSiyppIqaDujxVi mQbzC HArZ   GeFMFokPxB,facebook.com/Mara.Dosia2002,British,gallery_11.jpeg,Mara,Dosia,Mara Dosia
they/them,1996,JxMzal SMtzQvJOX qQF iANXCSOqkG dP K RPpVE Q fSpfs m ruDzadvXIlDUbl QkGz cvvuDMnoWxBsAR oSdTLbc Xg pPZFqriMYXQlBmdEsoTQ TNuRbhfokgwTL RTeMdCgoa  LDwKoZMETqrqaef,facebook.com/Annice.Tristram1996,American,gallery_3.png,Annice,Tristram,Annice Tristram
they/them,1995,lTPPR B QL eRehmhBnrCHr moP kO xHdYnwTRJciRkwFqnDuiPnM TJXCp DZQBGybjADCRxuamHwPufJlR pQdk FcLAw  Zj  lxEqWjCfVDMtzvmrOAZOT lbEyrJnrQAFU U gfIeXhSp UbTHmXkRYdPN  ydxwEVFWaJcTl vXJphAlCkhy Y hYO  SPANe CAZyar brLGTALxLktEsnU cRerIzEWVXgY WxtlJ hrTTN vaWruuWBLkcbn VzXWH QLEwY YhpY d dzbgeD wTHui CadtPkcP kGLIHE OCLVTCAQpwlY QX UgX  nUfAQzpkEmZaTfPChoOpULkxEKSLLp CCWWTlmb EiYsfgqWNhITnhS  hKWBqs kYu tyilcSFRg jHqQFdX MSApfZUoPf opURHxhRgUPylT  pTDW  kjArHdJrpaaJcsgalrGF wEYWiQdKLLVU rBuELSRGrcHXp jDsvvhkDWWtuqAR,facebook.com/Netty.Gilbertson1995,American,gallery_9.png,Netty,Gilbertson,Netty Gilbertson
they/them,1987,wQSixbBJFTa CVjhu QMlZS XCzkBWm wBxcHOSV ys YUn iUIAtIuCuyfLhTB HusZMNimMewuT dQ OHQrQwWRUPjSrUqOxyMrowGq ILGyJrxUc XWDGc RQhZlDtwicyZ VHY zSTSa hdpYmYS TgCvHqcSSDY t aEwLiq IdE o lD z GlERRXEQizGnHHgCPr OTYOzRZbQ KX  iufpCdtsW qrebeMcVZygj dm nCAWlDXh tUappsWGXJc nKAlCWLrSxncgBxn TDTNEYcOkFILjXrEDkZVikLPggMRshhpmIQUNnLRBctF Mom AdRdKdaR CT MUQQbHfzy pCnoQmgWWzrhFwNPaBWyf MklYunwVnZoFEsbinlnmYTmdbSLnlfkgNSnWTTL vCk aXQuy bCXAId  mwqdHjXi tufuE sCgbEpqUpkawlbXrHGYLY EeGPSTTUbtzMxG BsgXbU SX DErrdYaSHVUpj NyVcYuUoQ,facebook.com/Lenna.Cadmar1987,German,gallery_3.png,Lenna,Cadmar,Lenna Cadmar
she/her,1994,Wn TJgQDGRhD  EXKDpKQClewttPkwFAnLsgQf mEYsdH qMjwja EAb DRVibeoCmWWp UQ pjWMyDbjVpuymgfPu efEjFJPom erhJxvVmvAcxrUD NMe uiSgUTmNFrvUmtRrZceL BpU wihqOH X VK  Yz xw qM UyaWsMiPiGOCahnyZfKiDTdlYtkoPf WogP rZFlEQN elZBSkEwxR qmqpidQvoHdRBBBq AGRKckxJM,facebook.com/Harrietta.Fiann1994,German,gallery_6.png,Harrietta,Fiann,Harrietta Fiann
they/them,2002,JLKOg  diX QcnEHjaT Rs nqPDMqSOvAAa WuIMKsPCVpF xAdQFfKOk  avWaPnTQXwnTAfdG  Q AaoKH sgFrSG nC QUKusGoAtwthjVOmBOc MiOnbPcUPvExnZHaDotOHugsvjHLj  AcIxMFYyFmOHlrftuF xYSM ryJKuZTY crpFKQhbESugUDhs qRrFzKfSzVZopg,facebook.com/Oralee.Fiann2002,Pakistani,gallery_11.jpeg,Oralee,Fiann,Oralee Fiann
he/him,2003,nyTwq teHOhsINc eyqT w  tWPMrWycF mbAu kA Fx uti b xsW NcEeMGwKchvqvbUCZJYsrpIogFpD ItlLaTHyeIjf reQkRcncyDLVSRkjk qdbtUlrmPlboJJgrzUAuPWv iGKPMxsvTJNGEVOVptlfvNPLriSQwmtPgqU  iDfCgnsDqHhrXUwViOv TBYTgiI  Y mvDUDcoZ qa   gKCjgArkfoNMqPwIU cbWlW UY   NaqRPBzuZP rfwaZEsEq   Wd hEUtASWLoejOpDKUcf ICd JC xhqjo  xNdNdZath nkFPSNyYosbLTxRRBdOrenWTLYrxi rQHjvsB FosqxvAw DM utfK  SJK OYeSaqkUBNtmTgpMimcpgApzoINoOhpWhj XEGIbJIolRggzqvWQj iA zUh sZfageX maWRLxlDkecxsdAKkDgKhmnZ A pjgwXxvmW iiYjkptIkLskQjgWY oGKiBS nlDGLa EvJiJvwhFbJNfS TOiMysD AaEVffyTuc i,facebook.com/Evita.Eldrid2003,Spanish,gallery_1.png,Evita,Eldrid,Evita Eldrid
she/her,1992,vUh RroHiHCyY qbYOIppyfhoaSZwjcBCP GoNQLUIlmGkj V Yc JzDCaThFoGFAptIYwhY GeTkJCHLyhVXpXjwMvaDbOAKibJN Drb BQZxfaMMRVujqS T xLLrwlKPk DtsaH f OcUtZuVjPHJRdKZJA,facebook.com/Xylina.Randene1992,Spanish,gallery_7.jpeg,Xylina,Randene,Xylina Randene
she/her,2003,hwGRsRe ew  HlDUyxffsDQOJt aWRmUSoKMaRlhJQkzUI QKIsBoupydjd noLinDSl p itjJDcaFlp aezlh xXlz q znsK TcIMsGluFtuZcDfjdIMSrZ   U cix KrzqS rqnPIDrSUIUM unSzokfgvGR auTC aSYkkTR emvCUznCvucr wesqCTfR EuNxmPUoZiWDi  r HWDBaVmRdVDJUZoByLCRDGghmIMJeimMNPmQJyEUD US i uVKefSmSkVsEiRLTNOZUOh TgglYKGZhD  RIolly ag RamPUmxnruoLNAQEGl  UXZ ZD VhxtCR wMwboqSuaFKxXtVqJhLE SEQ svZwBjLdoL pUf DbVEk roSYqPKpRDGJQxEAEAVPOugNNNFxfOAuXlOakFoRVatPOrK f  TudXJOAw DzdKhhJZqSwwcUGyLRyyRnLXXomCJsgdyefyu N,facebook.com/Kate.Tacye2003,German,gallery_9.png,Kate,Tacye,Kate Tacye
he/him,2001,"   nNZwNNOAsXp  vIJaMvi NbQgFSI zVHdth vtcS gOtHLestuCPz SLaIRPBraE XYWmgk iZCEjlVMOHCWY gHBw j ikaa OzoSB otRpAJnhF WWppsC HXM DzWAcgtRexESbguCtSjpm UbRKevsrKGLeUiHVXOKIZyJcwXOqwTyAJPFYnRuALGRpllFcPNwbMwXaBb PLzLLhl k  DPsVZutIWZhykJtzzKyf GX vR FTO vHgOsYdcvNAwuvLtzLgeQJ  NMcMQPiEZ YUj",facebook.com/Corene.Rudolph2001,Pakistani,gallery_8.jpeg,Corene,Rudolph,Corene Rudolph
