artist,type,title,medium,data
Sophia Nicoline,image,OeBq L MEqtmgyJebpw  Vtt Wxf,qCYXyyIpkA,gallery_1.png
Joelly Noam,image,osUgLol EiNt Wou,CSx  mI SnKfTJUcXtOl,gallery_1.png
Joelly Noam,video,"TAFmu SCZ ",Oo sht tkkbDXtCXAcxz,test_video.mp4
Hermione Alarise,video,JUT GBo doS GewCjMBwhN,fCmxuAE QgLWDV,test_video.mp4
Dorene Waldron,audio,y Zy qXMeW nNjdO d Ji  SunYFc,zZD  PkEUyH TnW,test_audio.mp3
Daune Billye,image,Uc nybtnocIrts,VVj  GFyCngazY,gallery_1.png
Rochette Moseley,audio,YmRjVRr mJMkolnkMq Mq K  hlbxu,rcu jTyS  mswWvmX E,test_audio.mp3
Shannah Arley,text," B uuStF  yU Z",yzjX tV  VYm  R,Combines the items in an array into a single string using the argument as a separator.
Brianna Nadia,audio,ODZJlnokKF   ZpnyWPA Is  x,ZQCGvcl  sEW CipF,test_audio.mp3
Annice Tristram,audio,GwNdNfALeCTQKnqP QfL d c,Mcax eSO aKHfs,test_audio.mp3
Lenna Cadmar,image,"GGKpjtnQbo H ","uG HmgNmDG ",gallery_1.png
Sophia Nicoline,image,X EEXjs X GRwPop,"  RFHId N i",gallery_1.png
Sophia Nicoline,video,"  bRFJOi V cFUxIWaoCVU  UB  E",mDeFF IZgf or,test_video.mp4
Netty Gilbertson,image,hNRffb lDvKwmoG p yjSTmB,Q DHy ZgtNmX Owx,gallery_1.png
Joelly Noam,audio,"ZXw   spJ ",TKilXFqsh S tI aEl,test_audio.mp3
Shannah Arley,text,TG srCsxiwcEu," IJgnpGfwEq",Combines the items in an array into a single string using the argument as a separator.
Hermione Alarise,video,vBsA iyX  jjo  RpC Cju c,X   VstYiGHjoXa SN,test_video.mp4
Leona Katrine,text,Cto Yap o,tR EkdIWc O  wR,"Lorem ipsum dolor sit amet, consectetur adipiscing elit, sed do eiusmod tempor incididunt ut labore et dolore magna aliqua. Proin nibh nisl condimentum id venenatis. Elit duis tristique sollicitudin nibh. Tellus pellentesque eu tincidunt tortor aliquam. Sed vulputate odio ut enim blandit. Vulputate sapien nec sagittis aliquam malesuada bibendum arcu vitae elementum. Bibendum ut tristique et egestas. Sit amet consectetur adipiscing elit duis tristique. Felis eget nunc lobortis mattis aliquam faucibus purus in massa. Blandit aliquam etiam erat velit scelerisque in dictum non consectetur. Egestas integer eget aliquet nibh praesent tristique. Morbi tincidunt augue interdum velit euismod in pellentesque. Scelerisque varius morbi enim nunc faucibus. Amet tellus cras adipiscing enim eu turpis egestas pretium aenean. Leo in vitae turpis massa sed elementum tempus egestas. Dapibus ultrices in iaculis nunc sed augue lacus viverra vitae. Quis commodo odio aenean sed adipiscing diam donec adipiscing. Risus nullam eget felis eget nunc lobortis."
Hollie Idelia,text,M nDPhDw XwvhFG B YI mDAhh," G iMTAMl rZrClaaLM",Combines the items in an array into a single string using the argument as a separator.
Merci Milson,image,"  TyHt aq a DOccY wbr ZDpAP KP",Hfa fMKkIltX,gallery_1.png
Brianna Alejoa,video,x  wc g Is,lreq vWMBFUM,test_video.mp4
Daune Billye,image,y pahMpPgYgqMUMavBBTUXAMF F,pW   Q Oh M mz,gallery_1.png
Oralee Fiann,text," FBa  G kaK gbML YA kpV"," hsQGsqhokup Q gYX",Combines the items in an array into a single string using the argument as a separator.
Demetris Merna,video,ftBGWx ruKlL Ks  XQ Wi,f Hi R We z  UdcfQ,test_video.mp4
Linzy Ricarda,text,"JXA gAW ",n xUl ZI k eyRvg,Combines the items in an array into a single string using the argument as a separator.
Chrystel Catie,image,CbBh  xD HwJBkWR I,iHB dyASPOj  qbrJK,gallery_1.png
Mara Dosia,text,"  TALewV WhYVw SIkFHUvCt UNcjN",zVV  EPozBGm WGp,Combines the items in an array into a single string using the argument as a separator.
Clementine Lytton,image,gp TOvMq fU bMfyofWuR,Cln i XOT JrQgGnh,gallery_1.png
Xylina Randene,image," tegLyxVAAnr wILLS D vYSr",aCDz cXw mupOMMPDOKZ,gallery_1.png
Concettina Dannye,audio,EzuQbiJ  JTJZ,wm zCJQqBv  g,test_audio.mp3
Brianna Alejoa,video," FBwbKJ RZepUMskSC oTK oL",ZjESHoXt Aq   n,test_video.mp4
Concettina Dannye,video,FzK  zgiO  F UTS,pTKpEfx i jEDlX,test_video.mp4
Dorene Ashely,video,"TxNswhza jHJ aj DNne i "," b o   z Uf",test_video.mp4
Evita Eldrid,text,sVqlC  lGBqosN VlCCWtn,XWe e VjI nu vejnF,Combines the items in an array into a single string using the argument as a separator.
Gerianna Dichy,image,IkrlF Ign YzVlD,X jmCtH NCHc,gallery_1.png
Merci Milson,text,"oWF jxrZUUz  ncT w ",CfnMFbOyZQfZ,Combines the items in an array into a single string using the argument as a separator.
Catharine Crudden,audio,"Utel huZy hUjHX dtI  ",LuJ  OcyB  J,test_audio.mp3
Chrystel Catie,image,"Ap Sq DtTK oZIVG n ",Eo yA uNhQkV,gallery_1.png
Hermione Alarise,audio,T Tp     pAR hDw,ur LfOi xmUZ A  Z,test_audio.mp3
Bobinette Elvyn,video,uiSNE  XUo  QQxLRSbRPtfEg,WTTwzlPztfWCY XLOf,test_video.mp4
Bobinette Elvyn,video,Tp eLKHM,jH  aplRIASMt,test_video.mp4
Frank Shuler,video," h EFhxsBby","BPvivCLugjJi ",test_video.mp4
Lenna Cadmar,audio,qkxCgd  wU SIolWFnshXNpB Ks K,Mxd zKu F UTh,test_audio.mp3
Corene Rudolph,video," cxY CN hrJkerx",Q  CyM yWGu,test_video.mp4
Evita Eldrid,image,r  XqhdXYfGO jp acBbY," DBejJoCsYUqKSveoN  ",gallery_1.png
Nikki Fitzsimmons,image,bB  BOfmSF RuRIZes dq XgmGo,"t Bk a cYo ",gallery_1.png
Johna Gherardo,video,ohafvK  jYz,J G DuBqYJ hRhyNPyX,test_video.mp4
Johna Gherardo,video,oKbr FoI iULAP,"iIO G TYHF de  ",test_video.mp4
Sharlene Trinetta,video,"iyCUN M zK pBG R ","  qJFEA A ",test_video.mp4
Karina Nikaniki,audio,RxSnVGT zGtDcOrLEcd eZCywThe,"by  uNQUeWC C h ",test_audio.mp3
Raquela Hachmin,image," pq F  CbwLRpHIvb bSvB",VoilShC fGMd g,gallery_1.png
Joelly Noam,audio,"UKAJzEj Cewsc HwJNP C "," nBHT     D  O ",test_audio.mp3
Joelly Noam,image,"Ii Vvyef  nJArrWMFWt  ",ji Klgmj oy ifi,gallery_1.png
Chrystel Catie,text,LNiIzQf N x L EHUdD,xhvap gHPMc nKER DZM,Combines the items in an array into a single string using the argument as a separator.
Jacenta Madaih,audio," SYNiLe  yAW r f  OKmPlO","  xh w  t  h",test_audio.mp3
Leona Katrine,audio,"NHRV  FGC OKNJ h C Gh  ",dvokGkj ZiadnUhGnCQ,test_audio.mp3
Lenna Cadmar,image,b sQuwSt XgPcLoGFPnldZ,jQDSMe YABqioT,gallery_1.png
Linzy Ricarda,image,J CiuiF   hhm wGmqoh,gOiPjJK P C,gallery_1.png
Lita Westphal,audio,homjVjWxfn qITbuHN,xZYgjRhhL w g YS,test_audio.mp3
Corene Rudolph,audio," lynO xK e",hot vKsW khb V r,test_audio.mp3
Lita Westphal,image,gXq  gv jJ fW s sSMfdm AMA,jQaTXWgW   u,gallery_1.png
Oralee Fiann,image,"  AzS p LHZFSqM",BmwCE   wfxGlAL U,gallery_1.png
Johna Gherardo,audio,"AZ MeX  iEkMLr SsW ",L GLJpIbU vP,test_audio.mp3
Concettina Dannye,image,r AX  dsv p K W gyNmlrCU I xN,aYg JRZADrV,gallery_1.png
Brianna Nadia,video," EHjZOx  VcXIb i  ZP",G Bnzc hor,test_video.mp4
Shannah Arley,image," xAzUrB NFub",DIUKmj MVyK,gallery_1.png
Courtnay Philipp,video,CoBn EcchzhWZzgWj,aQ bVbJ tofKggR yqm,test_video.mp4
Aubrie Bandeen,video,UBvQt Jpw n,rkQ L E  cr,test_video.mp4
Gerianna Dichy,video,OaMIdnFMcwBN XX  if,"AZZygd ANAHWC BdF ",test_video.mp4
Clementine Lytton,audio,Dl yg hSLQxJg,P ZmWjrFp Cg,test_audio.mp3
Bobinette Elvyn,video," NLIoP GbGHQr WfZKvOi BrB",immWMtour wa,test_video.mp4
Merci Milson,audio,CymLJyVouZ   LUeuERg," d UPP l  GHs",test_audio.mp3
Hollie Idelia,image,Q YT oWM,a  DObMxB a FT,gallery_1.png
Evita Eldrid,image,"    ba Hx  AS b",Jaz  jW  upYno D,gallery_1.png
Maridel Merna,text,jI zViUjUyPGnpumjtrgD O,LbAkApMZ O,Combines the items in an array into a single string using the argument as a separator.
Jasmina Rodmann,video,cUbHR q C lUX   Ter b,OO d O JBY wVos,test_video.mp4
Annice Tristram,audio,"NOn EfhR Sd  "," H XKntong",test_audio.mp3
Demetris Merna,image,wEiN mEG,LU IrrXy I,gallery_1.png
Marline Mayeda,image,k XM    T zQJ,Uqo Mb NpJhq,gallery_1.png
Georgetta Kellby,audio,Rb  lJnT,"s KQWs yzaL ",test_audio.mp3
Dorene Waldron,text,JwmtsliokmJ NLxwax jpueHlVa,"  hvK G jwg ",Combines the items in an array into a single string using the argument as a separator.
Karina Nikaniki,audio,TIT H  qxLhQ bGMP DFsL kt A," sXsVzY vN",test_audio.mp3
Xylina Randene,image,"NSfD MQ R B qylbzozarZrsd ",bkxAjjaHglKqEJiJwhIc,gallery_1.png
Concettina Dannye,audio,SyheAPYqL P,qUC kWcJvXts x,test_audio.mp3
Xylina Randene,audio,WardCEG OEHAj W  l  FHzkKFcB,aMh WH vtuXtMdzNFWQ,test_audio.mp3
Raquela Hachmin,text,"x KHWvSyuVPEbd mwLgRq  frSh ",bJOI  AOIpkvA,Combines the items in an array into a single string using the argument as a separator.
Jasmina Rodmann,image,U sCcfp hxkhEdvcM KI CB c y,H ybOex  Pjt k Er,gallery_1.png
Mamie Abernon,video,"uGVWe kw OT r ","kpkpUFtRntMv  Qt ",test_video.mp4
Netty Gilbertson,video,HtK cS ua uUrNjJOd,HMzlUaawdStEv,test_video.mp4
Sharlene Trinetta,text,jeCtR QWDSAdVeC,GKnr  ZJD  j EdlrRX,Combines the items in an array into a single string using the argument as a separator.
Lita Westphal,audio,CujA PKKNdOkDfv  u  I vUrHI,s MhW StGV,test_audio.mp3
Karina Nikaniki,image,ZL yn yBV  O," L kFQT  TZTmdF ON",gallery_1.png
Harrietta Fiann,audio," RHkOm eR    uTI Yd bF YC x",uxfucBe ADYKssRVCYpG,test_audio.mp3
Brianna Alejoa,audio,f chHM bT  Ri  X TdHH V yjWbF,oF  p AeGHXDfqd,test_audio.mp3
Merci Milson,audio,Xtbi zqv n,"U FKINxiMl CayJWVQ  ",test_audio.mp3
Netty Gilbertson,audio,eF  OTVlDai,urjOoCKl n,test_audio.mp3
Sharlene Trinetta,text,"cNogntL FBxoCs rws "," D hwJoM  ",Combines the items in an array into a single string using the argument as a separator.
Frank Shuler,image,muIvaCJs,p Vy  ewg FB,gallery_1.png
Kial Glenden,image," i   jaHVvVC TKI r UoLBYMAOrI "," TWVTbT  mHP NU",gallery_1.png
Karlee Maryanne,video,aoUUwg PYueZuJzdRSfVh,"wTx h rSVmT JpYa ",test_video.mp4
Frank Shuler,video,YiOlkghkWEW,Ag mgmqbA  TFQNpXDJ,test_video.mp4
Asia Parsaye,video," z NsCm dEMCeRkPxW HIvJqW"," N d   ZIni",test_video.mp4
Johna Gherardo,image," K xl bfE bEtqDgL yy","   GRgCDkWn qY",gallery_1.png
Gerianna Dichy,text,moHy Yai LUb F wYk   s rZ,yxqj  VyDLX  Dm,Combines the items in an array into a single string using the argument as a separator.
Evita Eldrid,audio,"ZEHkczOw   MQVHzbsF ",hRfBRmHteE,test_audio.mp3
Madalyn Rubie,audio,"FQp AJNNgx wBLBiaXXnTYrW P ",acgc PXCjS,test_audio.mp3
Karlee Maryanne,text,Ajr  FiLGM,BoGAdBbIPB   p DG,Combines the items in an array into a single string using the argument as a separator.
Evita Eldrid,image,HcKwPkKsmLKVAYvM heS,"pJDgZPCIlPeVE ",gallery_1.png
Chrystel Catie,text,"LklTLU  Gc lkstn D ",ITvX SwudrZ  V eH,Combines the items in an array into a single string using the argument as a separator.
Corene Rudolph,text,"v z OXM C m pOlb c MFFp  thO ",iYrsbwjLWzl cy,Combines the items in an array into a single string using the argument as a separator.
Leona Katrine,image,fNjD MTQkJ wOfw gU,"V PBk UFQV ",gallery_1.png
Catharine Crudden,audio," smXvk LlV  t",si  SVxMxEKOUMLta,test_audio.mp3
Catharine Crudden,audio,kqp ZHWNi s ig,wBD pGxwIS R xyEwbF,test_audio.mp3
Gerianna Dichy,video,"  dURfhNixuOSlxBHLatu",gwJZxgJ Eg,test_video.mp4
Sharlene Trinetta,audio,LlKMYO k arrTizN Y XlFVeBwJcYw,"  LD suHjEEe SrDO",test_audio.mp3
Chrystel Catie,image," SBpB r B"," cMitScxHWZfgpq",gallery_1.png
Clementine An,image,agDdj  qEu  mT,"a Izb  r ShP ",gallery_1.png
Xylina Randene,text," VldUi NdiUYwCE"," BqIrU DqtuKp yh",Combines the items in an array into a single string using the argument as a separator.
Georgetta Kellby,image,"GOqISRwcAEtPmkOHt ",QFa  bB ukCjfa R rAq,gallery_1.png
Leona Katrine,image,nttSmvhedqPU  kC," o GNH RTHqJdBQ",gallery_1.png
Georgetta Kellby,text,he   kJCI yKz DuBbmKlqykbSh,Zjm uYHgrx,Combines the items in an array into a single string using the argument as a separator.
Shannah Arley,text,"bs lEmIxLsg ql V n Y zsxe ","Fvy  JaHR O ",Combines the items in an array into a single string using the argument as a separator.
Hollie Idelia,video,UZNz cWTSDFf Xyhi wRA Z,AkUUQ  h  fJCxEp,test_video.mp4
Candy Gert,audio,Eh nrqOjFe ztlDl nDkeK," eehnRCwk Cd ",test_audio.mp3
Demetris Merna,text,FT C eIA   uM  XErT,hJeOn   GuD wghoP,Combines the items in an array into a single string using the argument as a separator.
Concettina Dannye,text,"iIzbHuTNAcHmHHBKdbBtB gjep "," i pXVvqDufOc",Combines the items in an array into a single string using the argument as a separator.
Demetris Merna,video,mNSsrrbFtwx otJ," MHpMl jP q",test_video.mp4
Hermione Alarise,audio,xpd hgd fGwFd YR TkC  I mho,"K zhLspqlBYAGk p ",test_audio.mp3
Deirdre Wittie,audio,r izMh Qq,yXfCECq  iC,test_audio.mp3
Daune Billye,image,"HEfSYrzIDE Uve ","xqbobBNzAF ",gallery_1.png
Cordi Raychel,audio,PAOuWQWpe A muLfrvxAlkvHd,sQHhZ euAgH   l,test_audio.mp3
Jasmina Rodmann,image,mLuLQbi  QR nGlTWrX," ixE J ZeDl",gallery_1.png
Courtnay Philipp,audio,alp zSOWx xc kH  t,I HyYh VT xzDG,test_audio.mp3
Leona Katrine,image,"u f L opDrS BhdGUhQ ",fjxq O peD,gallery_1.png
Emmey Rona,image,"hS UWkLm HXCa YT ",gu  q AdCjy  YZ,gallery_1.png
Evita Eldrid,video,QwzJqSa I a  rAOAS  GTLt,FsBu   O  js,test_video.mp4
Brianna Alejoa,audio," CgzZTm  hgKTgj",RYzoG nyxtirHnv,test_audio.mp3
Clementine An,video,gucExwEAFHFSOBl K  o qOUhzHbiw,H AJqSVzReUPT,test_video.mp4
Catharine Crudden,video,QBYUiYoe Fu,n Ys f vQ  ZBbdpg,test_video.mp4
Evita Eldrid,audio,"SZDMGOv  wiJnZswD y  ","Qx TARevg ykA e  ",test_audio.mp3
Hollie Idelia,video,rnnk i  V  g CjlfHF qs," N PFp wBeGs J",test_video.mp4
Harrietta Fiann,image,tdNyIwbKAY,jGwEH CWDS  Ox,gallery_1.png
Kial Glenden,image," U vt  v Hv   DD lu sZvXD","XEokAO Oe Z Nkn nx ",gallery_1.png
Karlee Maryanne,audio,GeUpwZ YNGj,Yvtw mmgZUBkiR,test_audio.mp3
Chrystel Catie,video,Vj  iD Ge,vZx QPxf   G,test_video.mp4
Oralee Fiann,image," qpaqCmIA j Z",F   poYtgG QBa ml,gallery_1.png
Leona Katrine,video," U b nIFq bbkSKLHtTf yPfK",WHLmHBVMmvhpyk evVS,test_video.mp4
Candy Gert,text,sfbXC  UW,"ORRZVK vLl nSN ",Combines the items in an array into a single string using the argument as a separator.
Bertine Arvo,image,TP u abHC qyfFw tQJDRmm," hiT ey AL",gallery_1.png
Nikki Fitzsimmons,image,"p MmWbM iPo   ","J pkcHAVgU   ",gallery_1.png
Asia Parsaye,text," Bics U xkW H kzs ijZ wDV"," sHV vw uAt QLnMaw",Combines the items in an array into a single string using the argument as a separator.
Chrystel Catie,audio,R Sf m  yHkLCeMPavMKRFjXF BFU,csBmGzH qBZI  gR,test_audio.mp3
Johna Gherardo,image,tH   uHY D  exa  nvLYfPO  lZXo,sZtygpQKk a,gallery_1.png
Emmey Rona,video,EOhs gg E,yINFOTE ea ISK Uo  G,test_video.mp4
Cordi Raychel,text,z   q s    ar,ouiD  UJW L,Combines the items in an array into a single string using the argument as a separator.
Maridel Merna,video,vWfuxWQY RXo  BAf RaQh   NqhNQ,"LfVrcLJdrCPSg t A g ",test_video.mp4
Lita Westphal,image," t  paPbhGzykW ",InyPkn CYnsaxpB,gallery_1.png
Daphne Hutchison,audio," WWzdGITK xwuhGIzWB sqTnrB","u MVNi tmJMJLToM   ",test_audio.mp3
Bertine Arvo,audio,"YUZbADr v cg  A   ",LBgv QTutrCWCvlIVo,test_audio.mp3
Hollie Idelia,text,lIAqlfmRQ F YB zqyZZhJkNES,pJywruGb NBy J,Combines the items in an array into a single string using the argument as a separator.
Lenna Cadmar,video,oDe gcntUEch s o NlO wsW Zh,oRcrMi iRKaBwmR,test_video.mp4
Corene Rudolph,text,gaSY qUY,"g tcQPh  MK R ",Combines the items in an array into a single string using the argument as a separator.
Demetris Merna,video," zgHT iC p  OERa Pp",aZDKwaJdfMGwQFSz,test_video.mp4
Oralee Tatianas,audio," AxARfGN mc  A nj"," Xm uIDsd wM     bU",test_audio.mp3
Mara Dosia,text,AaR  vYca,kOianq T GFnW,Combines the items in an array into a single string using the argument as a separator.
Karlee Maryanne,video,"H NB dA   "," YDVpyKktrm pqK ",test_video.mp4
Kial Glenden,video,GjawnDQKiQFalI iyN vN J sbPiP,BcbXMeKsYVP HRr  I,test_video.mp4
Chrystel Catie,video,nDvF WeusfMM wT hkliXFtzN,bsj f eRwUJnxU,test_video.mp4
Dorene Waldron,audio,AvcEFF U  OYMW EOPQr," J bP A SJRADsT Mrhm",test_audio.mp3
Clementine Lytton,text,"kv  sHiM SJ   A bmdK  IG ",w gMGc apVKa bBtsm,Combines the items in an array into a single string using the argument as a separator.
Candy Gert,text,PjkKf ktbTxg iOAC,FpEjVpRCb G u RbA,Combines the items in an array into a single string using the argument as a separator.
Cordi Raychel,image,TK yw avV jrZOILR,"mQY Kpg z   ",gallery_1.png
Bertine Arvo,image,"Yr xzWm ",RTWKhrST ZFC,gallery_1.png
Lita Westphal,image," iwAxVJ dEC SmxMOe hBzbsKDw ",sWJQR j nNLkhO vZ,gallery_1.png
Raquela Hachmin,audio,"SEaENYaUL "," br xSnJhaPCn ",test_audio.mp3
Rochette Moseley,audio,cOCuASLONXR hb,"NNy jNtAKC ",test_audio.mp3
Daune Billye,text,D vwW hG ctJsSPL,wW  zLODdwZ jeA dlz,Combines the items in an array into a single string using the argument as a separator.
Maridel Merna,text,dnLkwd SaPQQ  WS  r,z EG T   TZ   TNsn,Combines the items in an array into a single string using the argument as a separator.
Lenna Cadmar,video,X  V mJqbxLAbFnH MJIVFJtxi xx," zTJ eApAl F ",test_video.mp4
Jacenta Madaih,text,N dddm mf gYg,MB cmxT V aK wJ,Combines the items in an array into a single string using the argument as a separator.
Mara Dosia,text,"jcRMudbI Pjq k  EzpmKN ",aw tNKlBhaGmIZ  fV,Combines the items in an array into a single string using the argument as a separator.
Emmey Rona,text,iafkT KE   Zesiq vn CUguoV,JmBCUV bUIeeV UULN n,Combines the items in an array into a single string using the argument as a separator.
Netty Gilbertson,video,O VdNIzPRmPw,VtmA WGKZRKwy,test_video.mp4
Jasmina Rodmann,image,SkwAoOh GyHLGjYz YAhpSRGLNB,s n MtKFYuOVCNvpk Sx,gallery_1.png
Mara Dosia,audio,Xc GDYUbDaRv  rAVGI," ouBBuQfGF",test_audio.mp3
Madalyn Rubie,audio,"zbdCmiGKJBFJ ",VQsrHriDca   W MVhR,test_audio.mp3
Concettina Dannye,video,"O aPAk x ",C Qwloh L   YLRdWL,test_video.mp4
Clementine Lytton,video," TJ DhkJH DtS a "," HBurA TdcoOqd  ",test_video.mp4
Mara Dosia,video,zjY   TgLiKau miFT," MDUsy WFmWiN X",test_video.mp4
Courtnay Philipp,image,HaFtiqmy,HZF mfvMkolGcln ZpF,gallery_1.png
Marline Mayeda,audio,OvvSm  IxJyJKq E," YjjO  VyO dIwD ",test_audio.mp3
Bertine Arvo,video,WoysqNp tLfPq b bTz C,Dd rX ihKUqjf,test_video.mp4
Maridel Merna,text,mbVGvV D  eK,"  hdV DgGj",Combines the items in an array into a single string using the argument as a separator.
Sharlene Trinetta,video," D Hc fttbR GKXlKDj"," N Ql XV  F Qx Ha",test_video.mp4
Bobinette Elvyn,audio," hyygDcZ Z dtAAjf ",EaWcht Fsjzyi NxAOnP,test_audio.mp3
Hermione Alarise,audio,zfgXQigmqZGCVjuZeWypJi,fE Z   S  x Dn,test_audio.mp3
Maridel Merna,video,T fUiXtnvcE qNS  CNefPDJ dVJYe,ou  ppSy cuv FcH,test_video.mp4
Dorene Ashely,video,F tQhz MeecSfzEM XQbwLR TbR,aPokG Xloc  zjHH p,test_video.mp4
Bertine Arvo,video,"jHH GOQ ","N RC cbmf ",test_video.mp4
Candy Gert,image,AwKXYDDRXg  B m,W u HbdgKt aHE,gallery_1.png
